City,Date,Ward,Ward_Type,Simulated_AQI,Top_Source,pct_Traffic,pct_Construction Dust,pct_Industrial,pct_Crop Biomass Burning,pct_Secondary Photochemical
Delhi,2020-06-02,Anand Vihar,traffic_hub,158.3,Traffic,28.0,23.3,13.8,9.4,25.6
Delhi,2020-06-02,Okhla Industrial,industrial,158.6,Industrial,15.0,22.2,29.5,8.9,24.4
Delhi,2020-06-02,Dwarka,residential,108.6,Secondary/Photochemical,17.4,23.2,12.8,11.7,34.9
Delhi,2020-06-02,RK Puram,mixed,134.2,Secondary/Photochemical,18.8,25.1,18.5,10.1,27.5
Delhi,2020-06-02,Rohini,construction,139.5,Construction/Dust,15.6,39.5,13.8,8.4,22.8
Delhi,2020-06-02,Lodhi Road,green_belt,84.9,Secondary/Photochemical,15.6,20.9,12.8,12.6,38.1
Delhi,2020-06-03,Anand Vihar,traffic_hub,168.3,Traffic,28.1,22.6,15.5,9.5,24.3
Delhi,2020-06-03,Okhla Industrial,industrial,167.3,Industrial,14.7,21.1,32.6,8.9,22.7
Delhi,2020-06-03,Dwarka,residential,101.6,Secondary/Photochemical,17.6,22.6,14.6,11.9,33.4
Delhi,2020-06-03,RK Puram,mixed,127.0,Secondary/Photochemical,18.8,24.2,20.8,10.2,26.0
Delhi,2020-06-03,Rohini,construction,137.5,Construction/Dust,15.7,38.4,15.6,8.5,21.7
Delhi,2020-06-03,Lodhi Road,green_belt,83.7,Secondary/Photochemical,15.8,20.3,14.6,12.9,36.4
Delhi,2020-06-04,Anand Vihar,traffic_hub,182.6,Traffic,31.7,20.7,16.8,11.9,18.9
Delhi,2020-06-04,Okhla Industrial,industrial,165.7,Industrial,16.7,19.3,35.2,11.1,17.7
Delhi,2020-06-04,Dwarka,residential,109.7,Secondary/Photochemical,20.4,21.3,16.2,15.3,26.8
Delhi,2020-06-04,RK Puram,mixed,139.1,Industrial,21.5,22.4,22.7,12.9,20.5
Delhi,2020-06-04,Rohini,construction,155.5,Construction/Dust,18.2,36.1,17.3,10.9,17.4
Delhi,2020-06-04,Lodhi Road,green_belt,102.7,Secondary/Photochemical,18.5,19.3,16.3,16.6,29.4
Delhi,2020-06-05,Anand Vihar,traffic_hub,148.9,Traffic,28.0,23.6,14.4,9.1,24.9
Delhi,2020-06-05,Okhla Industrial,industrial,149.9,Industrial,14.9,22.3,30.6,8.6,23.6
Delhi,2020-06-05,Dwarka,residential,116.5,Secondary/Photochemical,17.5,23.5,13.4,11.4,34.2
Delhi,2020-06-05,RK Puram,mixed,124.3,Secondary/Photochemical,18.8,25.3,19.3,9.8,26.8
Delhi,2020-06-05,Rohini,construction,145.5,Construction/Dust,15.6,39.8,14.4,8.1,22.2
Delhi,2020-06-05,Lodhi Road,green_belt,80.7,Secondary/Photochemical,15.7,21.2,13.5,12.3,37.4
Delhi,2020-06-06,Anand Vihar,traffic_hub,123.3,Secondary/Photochemical,26.3,26.4,11.9,7.8,27.5
Delhi,2020-06-06,Okhla Industrial,industrial,133.5,Secondary/Photochemical,14.3,25.6,25.9,7.6,26.6
Delhi,2020-06-06,Dwarka,residential,80.7,Secondary/Photochemical,16.2,26.0,11.0,9.6,37.2
Delhi,2020-06-06,RK Puram,mixed,104.3,Secondary/Photochemical,17.7,28.4,16.0,8.4,29.6
Delhi,2020-06-06,Rohini,construction,113.1,Construction/Dust,14.3,43.5,11.6,6.8,23.9
Delhi,2020-06-06,Lodhi Road,green_belt,70.2,Secondary/Photochemical,14.6,23.4,11.0,10.4,40.6
Delhi,2020-06-07,Anand Vihar,traffic_hub,125.3,Traffic,27.1,26.0,13.5,8.6,24.8
Delhi,2020-06-07,Okhla Industrial,industrial,150.2,Industrial,14.5,24.8,28.9,8.2,23.6
Delhi,2020-06-07,Dwarka,residential,88.3,Secondary/Photochemical,16.9,25.9,12.6,10.7,33.9
Delhi,2020-06-07,RK Puram,mixed,97.4,Construction/Dust,18.2,27.9,18.1,9.2,26.6
Delhi,2020-06-07,Rohini,construction,125.5,Construction/Dust,14.8,43.0,13.2,7.5,21.6
Delhi,2020-06-07,Lodhi Road,green_belt,67.5,Secondary/Photochemical,15.3,23.4,12.6,11.6,37.2
Delhi,2020-06-08,Anand Vihar,traffic_hub,141.8,Traffic,28.1,22.4,15.7,9.2,24.6
Delhi,2020-06-08,Okhla Industrial,industrial,128.5,Industrial,14.7,20.9,32.9,8.5,22.9
Delhi,2020-06-08,Dwarka,residential,87.6,Secondary/Photochemical,17.6,22.4,14.7,11.5,33.8
Delhi,2020-06-08,RK Puram,mixed,113.3,Secondary/Photochemical,18.8,24.0,21.0,9.8,26.3
Delhi,2020-06-08,Rohini,construction,134.5,Construction/Dust,15.7,38.2,15.8,8.2,22.0
Delhi,2020-06-08,Lodhi Road,green_belt,79.2,Secondary/Photochemical,15.8,20.2,14.7,12.4,36.9
Delhi,2020-06-09,Anand Vihar,traffic_hub,171.3,Traffic,30.0,22.1,14.2,11.3,22.5
Delhi,2020-06-09,Okhla Industrial,industrial,176.2,Industrial,16.1,21.1,30.5,10.8,21.5
Delhi,2020-06-09,Dwarka,residential,106.9,Secondary/Photochemical,18.9,22.3,13.4,14.2,31.2
Delhi,2020-06-09,RK Puram,mixed,132.0,Secondary/Photochemical,20.3,23.9,19.2,12.2,24.4
Delhi,2020-06-09,Rohini,construction,154.3,Construction/Dust,17.0,38.0,14.4,10.2,20.4
Delhi,2020-06-09,Lodhi Road,green_belt,102.7,Secondary/Photochemical,17.0,20.1,13.4,15.4,34.1
Delhi,2020-06-10,Anand Vihar,traffic_hub,196.5,Traffic,30.9,25.3,13.6,10.6,19.7
Delhi,2020-06-10,Okhla Industrial,industrial,179.0,Industrial,16.8,24.5,29.5,10.2,19.0
Delhi,2020-06-10,Dwarka,residential,133.4,Secondary/Photochemical,19.8,26.0,13.1,13.5,27.7
Delhi,2020-06-10,RK Puram,mixed,150.4,Construction/Dust,21.0,27.6,18.5,11.5,21.4
Delhi,2020-06-10,Rohini,construction,169.9,Construction/Dust,17.1,42.6,13.5,9.4,17.4
Delhi,2020-06-10,Lodhi Road,green_belt,111.8,Secondary/Photochemical,18.0,23.6,13.2,14.8,30.5
Delhi,2020-06-11,Anand Vihar,traffic_hub,188.5,Traffic,29.2,26.0,13.4,10.4,20.9
Delhi,2020-06-11,Okhla Industrial,industrial,194.9,Industrial,15.8,25.0,29.1,10.0,20.1
Delhi,2020-06-11,Dwarka,residential,114.6,Secondary/Photochemical,18.5,26.4,12.8,13.2,29.1
Delhi,2020-06-11,RK Puram,mixed,139.4,Construction/Dust,19.8,28.2,18.2,11.3,22.6
Delhi,2020-06-11,Rohini,construction,166.5,Construction/Dust,16.0,43.3,13.2,9.1,18.3
Delhi,2020-06-11,Lodhi Road,green_belt,105.2,Secondary/Photochemical,16.8,23.9,12.9,14.4,32.0
Delhi,2020-06-12,Anand Vihar,traffic_hub,184.5,Traffic,30.3,24.0,13.0,11.5,21.3
Delhi,2020-06-12,Okhla Industrial,industrial,195.4,Industrial,16.5,23.3,28.4,11.1,20.7
Delhi,2020-06-12,Dwarka,residential,120.6,Secondary/Photochemical,19.2,24.3,12.3,14.5,29.7
Delhi,2020-06-12,RK Puram,mixed,141.1,Construction/Dust,20.6,26.1,17.7,12.5,23.2
Delhi,2020-06-12,Rohini,construction,183.3,Construction/Dust,16.9,40.7,13.1,10.3,19.0
Delhi,2020-06-12,Lodhi Road,green_belt,115.1,Secondary/Photochemical,17.3,22.0,12.4,15.8,32.5
Delhi,2020-06-13,Anand Vihar,traffic_hub,164.3,Construction/Dust,28.9,29.4,11.9,10.9,19.0
Delhi,2020-06-13,Okhla Industrial,industrial,181.9,Construction/Dust,15.9,28.8,26.1,10.6,18.6
Delhi,2020-06-13,Dwarka,residential,114.6,Construction/Dust,18.4,29.9,11.3,13.8,26.6
Delhi,2020-06-13,RK Puram,mixed,126.9,Construction/Dust,19.6,31.9,16.1,11.8,20.6
Delhi,2020-06-13,Rohini,construction,155.1,Construction/Dust,15.4,47.7,11.4,9.3,16.2
Delhi,2020-06-13,Lodhi Road,green_belt,100.9,Secondary/Photochemical,16.8,27.3,11.5,15.1,29.4
Delhi,2020-06-14,Anand Vihar,traffic_hub,183.4,Traffic,29.9,22.5,14.4,13.3,20.0
Delhi,2020-06-14,Okhla Industrial,industrial,209.0,Industrial,16.0,21.4,30.8,12.7,19.0
Delhi,2020-06-14,Dwarka,residential,105.3,Secondary/Photochemical,18.9,22.8,13.6,16.9,27.8
Delhi,2020-06-14,RK Puram,mixed,154.2,Construction/Dust,20.2,24.3,19.4,14.4,21.6
Delhi,2020-06-14,Rohini,construction,169.9,Construction/Dust,16.9,38.5,14.6,12.0,18.0
Delhi,2020-06-14,Lodhi Road,green_belt,101.1,Secondary/Photochemical,17.1,20.5,13.7,18.3,30.4
Delhi,2020-06-15,Anand Vihar,traffic_hub,163.4,Traffic,27.5,25.8,13.1,9.6,24.0
Delhi,2020-06-15,Okhla Industrial,industrial,148.8,Industrial,14.8,24.8,28.2,9.2,23.0
Delhi,2020-06-15,Dwarka,residential,109.0,Secondary/Photochemical,17.2,25.8,12.2,11.9,32.9
Delhi,2020-06-15,RK Puram,mixed,132.8,Construction/Dust,18.5,27.8,17.6,10.3,25.8
Delhi,2020-06-15,Rohini,construction,162.8,Construction/Dust,15.0,42.9,12.9,8.4,20.9
Delhi,2020-06-15,Lodhi Road,green_belt,88.2,Secondary/Photochemical,15.5,23.3,12.3,12.9,36.0
Delhi,2020-06-16,Anand Vihar,traffic_hub,149.9,Construction/Dust,27.2,27.3,12.6,8.2,24.7
Delhi,2020-06-16,Okhla Industrial,industrial,158.9,Industrial,14.7,26.3,27.2,7.9,23.8
Delhi,2020-06-16,Dwarka,residential,113.0,Secondary/Photochemical,17.0,27.2,11.7,10.2,33.9
Delhi,2020-06-16,RK Puram,mixed,128.5,Construction/Dust,18.3,29.4,16.9,8.8,26.6
Delhi,2020-06-16,Rohini,construction,140.3,Construction/Dust,14.7,44.8,12.2,7.1,21.3
Delhi,2020-06-16,Lodhi Road,green_belt,90.9,Secondary/Photochemical,15.3,24.6,11.8,11.1,37.2
Delhi,2020-06-17,Anand Vihar,traffic_hub,138.3,Construction/Dust,25.4,29.6,11.8,7.6,25.5
Delhi,2020-06-17,Okhla Industrial,industrial,151.3,Construction/Dust,13.8,28.6,25.7,7.3,24.6
Delhi,2020-06-17,Dwarka,residential,89.6,Secondary/Photochemical,15.7,29.3,11.0,9.4,34.7
Delhi,2020-06-17,RK Puram,mixed,107.8,Construction/Dust,17.0,31.7,15.8,8.1,27.3
Delhi,2020-06-17,Rohini,construction,123.5,Construction/Dust,13.4,47.5,11.2,6.4,21.5
Delhi,2020-06-17,Lodhi Road,green_belt,70.2,Secondary/Photochemical,14.2,26.5,11.0,10.2,38.1
Delhi,2020-06-18,Anand Vihar,traffic_hub,136.1,Construction/Dust,25.9,28.7,13.1,7.9,24.4
Delhi,2020-06-18,Okhla Industrial,industrial,141.3,Industrial,13.9,27.3,28.1,7.5,23.2
Delhi,2020-06-18,Dwarka,residential,91.0,Secondary/Photochemical,16.1,28.6,12.2,9.8,33.4
Delhi,2020-06-18,RK Puram,mixed,105.5,Construction/Dust,17.3,30.7,17.5,8.4,26.1
Delhi,2020-06-18,Rohini,construction,112.6,Construction/Dust,13.7,46.3,12.5,6.7,20.7
Delhi,2020-06-18,Lodhi Road,green_belt,73.0,Secondary/Photochemical,14.6,25.9,12.3,10.6,36.7
Delhi,2020-06-19,Anand Vihar,traffic_hub,161.6,Construction/Dust,26.1,30.2,12.3,10.8,20.5
Delhi,2020-06-19,Okhla Industrial,industrial,163.3,Construction/Dust,14.1,29.1,26.6,10.4,19.7
Delhi,2020-06-19,Dwarka,residential,111.1,Construction/Dust,16.4,30.3,11.6,13.5,28.3
Delhi,2020-06-19,RK Puram,mixed,135.2,Construction/Dust,17.5,32.4,16.5,11.6,22.0
Delhi,2020-06-19,Rohini,construction,169.0,Construction/Dust,13.7,48.3,11.6,9.1,17.3
Delhi,2020-06-19,Lodhi Road,green_belt,93.4,Secondary/Photochemical,14.9,27.5,11.7,14.8,31.1
Delhi,2020-06-20,Anand Vihar,traffic_hub,200.6,Construction/Dust,26.0,33.8,12.6,7.9,19.7
Delhi,2020-06-20,Okhla Industrial,industrial,204.5,Construction/Dust,14.0,32.4,27.1,7.6,18.9
Delhi,2020-06-20,Dwarka,residential,118.8,Construction/Dust,16.4,34.2,11.9,10.0,27.4
Delhi,2020-06-20,RK Puram,mixed,157.7,Construction/Dust,17.4,36.2,16.8,8.5,21.1
Delhi,2020-06-20,Rohini,construction,182.4,Construction/Dust,13.3,52.5,11.6,6.5,16.1
Delhi,2020-06-20,Lodhi Road,green_belt,126.9,Construction/Dust,15.1,31.3,12.1,11.0,30.4
Delhi,2020-06-21,Anand Vihar,traffic_hub,129.7,Construction/Dust,27.6,30.3,14.4,8.9,18.8
Delhi,2020-06-21,Okhla Industrial,industrial,139.0,Industrial,14.7,28.6,30.6,8.4,17.8
Delhi,2020-06-21,Dwarka,residential,89.1,Construction/Dust,17.6,30.9,13.8,11.3,26.4
Delhi,2020-06-21,RK Puram,mixed,97.6,Construction/Dust,18.5,32.5,19.3,9.5,20.2
Delhi,2020-06-21,Rohini,construction,129.0,Construction/Dust,14.5,48.5,13.6,7.5,15.9
Delhi,2020-06-21,Lodhi Road,green_belt,76.8,Secondary/Photochemical,16.1,28.3,14.0,12.4,29.3
Delhi,2020-06-22,Anand Vihar,traffic_hub,136.2,Traffic,28.1,23.8,13.6,8.9,25.6
Delhi,2020-06-22,Okhla Industrial,industrial,127.8,Industrial,15.1,22.8,29.2,8.5,24.5
Delhi,2020-06-22,Dwarka,residential,95.8,Secondary/Photochemical,17.5,23.7,12.7,11.1,35.0
Delhi,2020-06-22,RK Puram,mixed,95.3,Secondary/Photochemical,18.9,25.7,18.3,9.6,27.6
Delhi,2020-06-22,Rohini,construction,123.8,Construction/Dust,15.6,40.2,13.6,7.9,22.7
Delhi,2020-06-22,Lodhi Road,green_belt,82.4,Secondary/Photochemical,15.7,21.4,12.7,12.0,38.3
Delhi,2020-06-23,Anand Vihar,traffic_hub,99.9,Construction/Dust,27.6,32.9,15.7,7.3,16.6
Delhi,2020-06-23,Okhla Industrial,industrial,106.7,Industrial,14.4,30.5,32.9,6.8,15.4
Delhi,2020-06-23,Dwarka,residential,72.7,Construction/Dust,17.8,34.0,15.2,9.4,23.6
Delhi,2020-06-23,RK Puram,mixed,82.4,Construction/Dust,18.4,35.1,21.0,7.8,17.7
Delhi,2020-06-23,Rohini,construction,88.7,Construction/Dust,14.2,51.5,14.6,6.0,13.7
Delhi,2020-06-23,Lodhi Road,green_belt,59.7,Construction/Dust,16.4,31.3,15.6,10.4,26.3
Delhi,2020-06-24,Anand Vihar,traffic_hub,83.1,Construction/Dust,28.3,32.0,17.2,8.0,14.5
Delhi,2020-06-24,Okhla Industrial,industrial,94.9,Industrial,14.6,29.4,35.4,7.3,13.3
Delhi,2020-06-24,Dwarka,residential,57.0,Construction/Dust,18.5,33.5,16.8,10.4,20.9
Delhi,2020-06-24,RK Puram,mixed,77.6,Construction/Dust,18.9,34.2,22.9,8.5,15.5
Delhi,2020-06-24,Rohini,construction,77.8,Construction/Dust,14.7,50.6,16.0,6.6,12.1
Delhi,2020-06-24,Lodhi Road,green_belt,48.7,Construction/Dust,17.1,30.9,17.2,11.5,23.3
Delhi,2020-06-25,Anand Vihar,traffic_hub,112.7,Traffic,31.5,28.7,16.1,9.2,14.5
Delhi,2020-06-25,Okhla Industrial,industrial,103.5,Industrial,16.6,27.0,34.1,8.7,13.6
Delhi,2020-06-25,Dwarka,residential,74.1,Construction/Dust,20.7,30.2,15.9,12.2,21.0
Delhi,2020-06-25,RK Puram,mixed,92.7,Construction/Dust,21.3,31.1,21.8,10.0,15.7
Delhi,2020-06-25,Rohini,construction,89.4,Construction/Dust,16.9,47.0,15.6,8.0,12.5
Delhi,2020-06-25,Lodhi Road,green_belt,60.9,Construction/Dust,19.1,27.8,16.3,13.4,23.4
Delhi,2020-06-26,Anand Vihar,traffic_hub,132.0,Traffic,30.3,29.6,15.1,11.4,13.7
Delhi,2020-06-26,Okhla Industrial,industrial,141.5,Industrial,16.1,28.0,32.1,10.8,13.0
Delhi,2020-06-26,Dwarka,residential,81.8,Construction/Dust,19.8,30.9,14.8,14.9,19.7
Delhi,2020-06-26,RK Puram,mixed,95.8,Construction/Dust,20.5,32.0,20.4,12.3,14.8
Delhi,2020-06-26,Rohini,construction,123.3,Construction/Dust,16.2,48.0,14.5,9.7,11.7
Delhi,2020-06-26,Lodhi Road,green_belt,74.1,Construction/Dust,18.2,28.4,15.1,16.4,21.9
Delhi,2020-06-27,Anand Vihar,traffic_hub,142.1,Construction/Dust,27.4,39.4,12.2,8.9,12.1
Delhi,2020-06-27,Okhla Industrial,industrial,148.6,Construction/Dust,15.0,38.2,26.5,8.6,11.8
Delhi,2020-06-27,Dwarka,residential,91.3,Construction/Dust,17.9,41.1,11.9,11.6,17.4
Delhi,2020-06-27,RK Puram,mixed,113.6,Construction/Dust,18.5,42.5,16.4,9.6,13.1
Delhi,2020-06-27,Rohini,construction,131.1,Construction/Dust,13.5,59.1,10.8,7.0,9.6
Delhi,2020-06-27,Lodhi Road,green_belt,75.0,Construction/Dust,16.7,38.3,12.3,13.0,19.7
Delhi,2020-06-28,Anand Vihar,traffic_hub,272.4,Construction/Dust,28.0,36.0,11.8,12.2,11.9
Delhi,2020-06-28,Okhla Industrial,industrial,262.0,Construction/Dust,15.4,35.1,26.0,11.9,11.6
Delhi,2020-06-28,Dwarka,residential,154.7,Construction/Dust,18.2,37.4,11.5,15.9,17.0
Delhi,2020-06-28,RK Puram,mixed,203.7,Construction/Dust,18.9,38.9,16.0,13.2,12.9
Delhi,2020-06-28,Rohini,construction,212.2,Construction/Dust,14.2,55.4,10.8,9.9,9.7
Delhi,2020-06-28,Lodhi Road,green_belt,143.7,Construction/Dust,16.8,34.6,11.9,17.6,19.1
Delhi,2020-06-29,Anand Vihar,traffic_hub,311.5,Construction/Dust,27.2,35.8,13.3,9.6,14.0
Delhi,2020-06-29,Okhla Industrial,industrial,288.0,Construction/Dust,14.6,34.2,28.6,9.1,13.4
Delhi,2020-06-29,Dwarka,residential,209.5,Construction/Dust,17.6,37.1,12.9,12.4,20.0
Delhi,2020-06-29,RK Puram,mixed,238.8,Construction/Dust,18.3,38.5,17.9,10.3,15.1
Delhi,2020-06-29,Rohini,construction,281.2,Construction/Dust,13.8,55.0,12.1,7.7,11.4
Delhi,2020-06-29,Lodhi Road,green_belt,181.7,Construction/Dust,16.3,34.3,13.3,13.8,22.4
Delhi,2020-06-30,Anand Vihar,traffic_hub,140.4,Construction/Dust,26.5,29.8,12.7,9.0,21.9
Delhi,2020-06-30,Okhla Industrial,industrial,141.5,Construction/Dust,14.3,28.6,27.4,8.7,21.0
Delhi,2020-06-30,Dwarka,residential,91.7,Secondary/Photochemical,16.6,29.9,11.9,11.3,30.2
Delhi,2020-06-30,RK Puram,mixed,108.4,Construction/Dust,17.8,32.0,17.0,9.7,23.5
Delhi,2020-06-30,Rohini,construction,130.5,Construction/Dust,14.0,47.8,12.0,7.6,18.5
Delhi,2020-06-30,Lodhi Road,green_belt,81.4,Secondary/Photochemical,15.1,27.2,12.0,12.4,33.3
Delhi,2020-07-01,Anand Vihar,traffic_hub,128.3,Construction/Dust,28.8,30.0,13.6,11.7,15.9
Delhi,2020-07-01,Okhla Industrial,industrial,137.8,Industrial,15.5,28.8,29.3,11.2,15.3
Delhi,2020-07-01,Dwarka,residential,85.9,Construction/Dust,18.5,30.9,13.1,15.0,22.5
Delhi,2020-07-01,RK Puram,mixed,109.8,Construction/Dust,19.4,32.4,18.3,12.6,17.2
Delhi,2020-07-01,Rohini,construction,114.3,Construction/Dust,15.2,48.4,12.9,9.9,13.5
Delhi,2020-07-01,Lodhi Road,green_belt,82.2,Construction/Dust,16.9,28.3,13.3,16.5,25.0
Mumbai,2020-06-02,Andheri East,traffic_hub,64.7,Traffic,35.5,13.9,8.4,19.3,22.9
Mumbai,2020-06-02,Chembur,industrial,66.6,Secondary/Photochemical,21.0,14.7,19.9,20.3,24.1
Mumbai,2020-06-02,Bandra West,residential,38.9,Secondary/Photochemical,22.3,14.0,7.9,24.2,31.6
Mumbai,2020-06-02,Powai,mixed,50.8,Secondary/Photochemical,25.0,15.7,11.8,21.7,25.8
Mumbai,2020-06-02,Kurla,construction,56.4,Construction/Dust,22.1,26.4,9.4,19.2,22.8
Mumbai,2020-06-02,Colaba,green_belt,40.7,Secondary/Photochemical,19.8,12.5,7.8,25.8,34.1
Mumbai,2020-06-03,Andheri East,traffic_hub,61.7,Traffic,33.3,18.9,10.1,7.1,30.6
Mumbai,2020-06-03,Chembur,industrial,67.2,Secondary/Photochemical,19.1,19.3,23.2,7.3,31.2
Mumbai,2020-06-03,Bandra West,residential,38.0,Secondary/Photochemical,20.8,18.9,9.5,8.9,42.0
Mumbai,2020-06-03,Powai,mixed,43.2,Secondary/Photochemical,23.1,21.0,14.0,7.9,33.9
Mumbai,2020-06-03,Kurla,construction,53.5,Construction/Dust,19.7,34.0,10.7,6.7,28.9
Mumbai,2020-06-03,Colaba,green_belt,39.4,Secondary/Photochemical,18.6,16.9,9.4,9.5,45.5
Mumbai,2020-06-04,Andheri East,traffic_hub,58.3,Traffic,33.1,16.1,12.6,18.7,19.5
Mumbai,2020-06-04,Chembur,industrial,60.0,Industrial,18.4,15.9,28.1,18.5,19.3
Mumbai,2020-06-04,Bandra West,residential,38.8,Secondary/Photochemical,20.9,16.3,12.0,23.7,27.2
Mumbai,2020-06-04,Powai,mixed,46.7,Traffic,22.8,17.7,17.4,20.6,21.5
Mumbai,2020-06-04,Kurla,construction,50.0,Construction/Dust,20.0,29.5,13.7,18.0,18.8
Mumbai,2020-06-04,Colaba,green_belt,36.3,Secondary/Photochemical,18.7,14.5,11.9,25.4,29.4
Mumbai,2020-06-05,Andheri East,traffic_hub,79.5,Traffic,32.3,22.1,15.2,8.5,21.9
Mumbai,2020-06-05,Chembur,industrial,83.0,Industrial,17.3,21.0,32.7,8.1,20.9
Mumbai,2020-06-05,Bandra West,residential,53.9,Secondary/Photochemical,20.7,22.7,14.7,10.9,30.9
Mumbai,2020-06-05,Powai,mixed,64.8,Construction/Dust,22.0,24.1,20.8,9.3,23.9
Mumbai,2020-06-05,Kurla,construction,77.3,Construction/Dust,18.4,38.3,15.6,7.8,20.0
Mumbai,2020-06-05,Colaba,green_belt,52.6,Secondary/Photochemical,18.8,20.6,14.8,11.9,34.0
Mumbai,2020-06-06,Andheri East,traffic_hub,50.6,Traffic,29.0,28.0,17.3,7.5,18.2
Mumbai,2020-06-06,Chembur,industrial,58.6,Industrial,15.0,25.7,35.7,6.9,16.7
Mumbai,2020-06-06,Bandra West,residential,37.9,Construction/Dust,18.7,29.0,16.7,9.7,25.9
Mumbai,2020-06-06,Powai,mixed,45.0,Construction/Dust,19.4,30.0,23.1,8.0,19.5
Mumbai,2020-06-06,Kurla,construction,52.2,Construction/Dust,15.6,45.7,16.7,6.4,15.6
Mumbai,2020-06-06,Colaba,green_belt,42.5,Secondary/Photochemical,17.1,26.5,17.0,10.6,28.7
Mumbai,2020-06-07,Andheri East,traffic_hub,60.8,Traffic,29.6,29.1,14.8,8.6,17.9
Mumbai,2020-06-07,Chembur,industrial,70.7,Industrial,15.8,27.6,31.6,8.2,16.9
Mumbai,2020-06-07,Bandra West,residential,41.4,Construction/Dust,19.1,30.1,14.3,11.1,25.4
Mumbai,2020-06-07,Powai,mixed,48.4,Construction/Dust,20.0,31.5,20.0,9.3,19.3
Mumbai,2020-06-07,Kurla,construction,52.9,Construction/Dust,15.8,47.3,14.2,7.4,15.3
Mumbai,2020-06-07,Colaba,green_belt,38.4,Secondary/Photochemical,17.5,27.6,14.6,12.2,28.1
Mumbai,2020-06-08,Andheri East,traffic_hub,57.2,Traffic,32.3,23.4,15.5,7.1,21.7
Mumbai,2020-06-08,Chembur,industrial,66.5,Industrial,17.3,22.2,33.1,6.7,20.7
Mumbai,2020-06-08,Bandra West,residential,38.8,Secondary/Photochemical,20.8,24.2,15.0,9.1,30.9
Mumbai,2020-06-08,Powai,mixed,47.7,Construction/Dust,22.0,25.5,21.1,7.7,23.7
Mumbai,2020-06-08,Kurla,construction,62.6,Construction/Dust,18.2,40.1,15.7,6.4,19.6
Mumbai,2020-06-08,Colaba,green_belt,33.3,Secondary/Photochemical,18.9,22.0,15.1,9.9,34.0
Mumbai,2020-06-09,Andheri East,traffic_hub,58.7,Traffic,29.8,26.6,17.6,7.2,18.8
Mumbai,2020-06-09,Chembur,industrial,57.3,Industrial,15.4,24.4,36.3,6.6,17.3
Mumbai,2020-06-09,Bandra West,residential,36.5,Construction/Dust,19.3,27.5,17.1,9.3,26.8
Mumbai,2020-06-09,Powai,mixed,47.6,Construction/Dust,20.0,28.5,23.6,7.7,20.2
Mumbai,2020-06-09,Kurla,construction,51.9,Construction/Dust,16.2,43.9,17.2,6.2,16.4
Mumbai,2020-06-09,Colaba,green_belt,33.0,Secondary/Photochemical,17.6,25.1,17.3,10.2,29.7
Mumbai,2020-06-10,Andheri East,traffic_hub,55.1,Construction/Dust,27.6,29.0,19.0,8.2,16.2
Mumbai,2020-06-10,Chembur,industrial,67.4,Industrial,13.9,25.9,38.3,7.3,14.5
Mumbai,2020-06-10,Bandra West,residential,36.7,Construction/Dust,17.9,30.0,18.5,10.6,23.1
Mumbai,2020-06-10,Powai,mixed,46.2,Construction/Dust,18.3,30.7,25.2,8.7,17.2
Mumbai,2020-06-10,Kurla,construction,52.9,Construction/Dust,14.6,46.6,18.1,6.9,13.7
Mumbai,2020-06-10,Colaba,green_belt,34.6,Construction/Dust,16.4,27.5,18.8,11.7,25.7
Mumbai,2020-06-11,Andheri East,traffic_hub,65.0,Construction/Dust,27.5,28.3,20.6,7.5,16.2
Mumbai,2020-06-11,Chembur,industrial,67.3,Industrial,13.6,24.9,40.7,6.6,14.3
Mumbai,2020-06-11,Bandra West,residential,33.7,Construction/Dust,17.8,29.3,20.0,9.7,23.1
Mumbai,2020-06-11,Powai,mixed,46.1,Construction/Dust,18.1,29.8,27.1,7.9,17.1
Mumbai,2020-06-11,Kurla,construction,50.7,Construction/Dust,14.6,45.6,19.7,6.4,13.8
Mumbai,2020-06-11,Colaba,green_belt,37.8,Construction/Dust,16.3,26.9,20.4,10.7,25.7
Mumbai,2020-06-12,Andheri East,traffic_hub,59.4,Traffic,31.1,25.9,20.5,8.2,14.3
Mumbai,2020-06-12,Chembur,industrial,69.7,Industrial,15.6,23.1,41.2,7.3,12.8
Mumbai,2020-06-12,Bandra West,residential,42.9,Construction/Dust,20.6,27.4,20.3,10.9,20.8
Mumbai,2020-06-12,Powai,mixed,52.0,Construction/Dust,20.8,27.7,27.4,8.8,15.3
Mumbai,2020-06-12,Kurla,construction,53.1,Construction/Dust,17.0,43.1,20.2,7.2,12.5
Mumbai,2020-06-12,Colaba,green_belt,38.2,Construction/Dust,18.9,25.2,20.8,12.0,23.2
Mumbai,2020-06-13,Andheri East,traffic_hub,63.0,Traffic,33.6,22.2,21.8,8.3,14.1
Mumbai,2020-06-13,Chembur,industrial,70.0,Industrial,16.8,19.7,43.6,7.3,12.5
Mumbai,2020-06-13,Bandra West,residential,47.8,Construction/Dust,22.5,23.8,21.9,11.1,20.8
Mumbai,2020-06-13,Powai,mixed,52.5,Industrial,22.6,23.9,29.4,8.9,15.2
Mumbai,2020-06-13,Kurla,construction,54.9,Construction/Dust,19.1,38.3,22.3,7.5,12.8
Mumbai,2020-06-13,Colaba,green_belt,42.7,Secondary/Photochemical,20.6,21.8,22.3,12.2,23.1
Mumbai,2020-06-14,Andheri East,traffic_hub,69.0,Traffic,36.3,23.3,17.0,8.5,14.9
Mumbai,2020-06-14,Chembur,industrial,73.1,Industrial,19.4,22.1,36.3,8.1,14.1
Mumbai,2020-06-14,Bandra West,residential,37.1,Construction/Dust,24.4,25.1,17.1,11.5,22.0
Mumbai,2020-06-14,Powai,mixed,47.0,Construction/Dust,25.0,25.7,23.4,9.4,16.4
Mumbai,2020-06-14,Kurla,construction,60.4,Construction/Dust,20.7,40.5,17.4,7.8,13.6
Mumbai,2020-06-14,Colaba,green_belt,36.6,Secondary/Photochemical,22.4,23.0,17.5,12.6,24.5
Mumbai,2020-06-15,Andheri East,traffic_hub,60.4,Traffic,36.7,22.3,18.2,8.9,13.9
Mumbai,2020-06-15,Chembur,industrial,69.2,Industrial,19.4,20.9,38.3,8.3,13.0
Mumbai,2020-06-15,Bandra West,residential,37.0,Traffic,24.8,24.1,18.4,12.0,20.6
Mumbai,2020-06-15,Powai,mixed,46.4,Traffic,25.3,24.6,25.0,9.8,15.3
Mumbai,2020-06-15,Kurla,construction,43.4,Construction/Dust,21.1,39.1,18.8,8.2,12.8
Mumbai,2020-06-15,Colaba,green_belt,34.5,Secondary/Photochemical,22.8,22.2,18.8,13.3,23.0
Mumbai,2020-06-16,Andheri East,traffic_hub,63.8,Traffic,37.9,18.6,18.1,7.8,17.6
Mumbai,2020-06-16,Chembur,industrial,67.4,Industrial,20.1,17.5,38.5,7.3,16.6
Mumbai,2020-06-16,Bandra West,residential,47.4,Secondary/Photochemical,25.4,20.0,18.2,10.4,26.0
Mumbai,2020-06-16,Powai,mixed,46.9,Traffic,26.2,20.6,25.1,8.6,19.5
Mumbai,2020-06-16,Kurla,construction,57.8,Construction/Dust,22.6,33.7,19.5,7.4,16.8
Mumbai,2020-06-16,Colaba,green_belt,40.8,Secondary/Photochemical,23.2,18.2,18.5,11.4,28.7
Mumbai,2020-06-17,Andheri East,traffic_hub,60.0,Traffic,35.0,28.5,16.1,6.2,14.1
Mumbai,2020-06-17,Chembur,industrial,56.7,Industrial,18.8,27.2,34.6,5.9,13.4
Mumbai,2020-06-17,Bandra West,residential,39.4,Construction/Dust,23.6,30.8,16.3,8.3,20.9
Mumbai,2020-06-17,Powai,mixed,43.7,Construction/Dust,24.1,31.4,22.2,6.8,15.5
Mumbai,2020-06-17,Kurla,construction,47.6,Construction/Dust,19.1,47.3,15.9,5.4,12.3
Mumbai,2020-06-17,Colaba,green_belt,35.5,Construction/Dust,21.9,28.5,16.8,9.3,23.5
Mumbai,2020-06-18,Andheri East,traffic_hub,60.7,Traffic,35.5,31.0,14.4,6.3,12.8
Mumbai,2020-06-18,Chembur,industrial,65.1,Industrial,19.5,30.3,31.5,6.2,12.5
Mumbai,2020-06-18,Bandra West,residential,40.2,Construction/Dust,24.1,33.7,14.6,8.6,19.1
Mumbai,2020-06-18,Powai,mixed,46.4,Construction/Dust,24.6,34.4,19.9,7.0,14.2
Mumbai,2020-06-18,Kurla,construction,55.4,Construction/Dust,19.1,50.6,13.9,5.4,11.0
Mumbai,2020-06-18,Colaba,green_belt,39.0,Construction/Dust,22.4,31.3,15.1,9.6,21.6
Mumbai,2020-06-19,Andheri East,traffic_hub,76.2,Traffic,31.2,30.1,13.7,12.2,12.8
Mumbai,2020-06-19,Chembur,industrial,72.5,Industrial,16.9,29.1,29.9,11.8,12.3
Mumbai,2020-06-19,Bandra West,residential,52.3,Construction/Dust,20.4,31.6,13.5,16.0,18.4
Mumbai,2020-06-19,Powai,mixed,48.6,Construction/Dust,21.2,32.8,18.7,13.3,13.9
Mumbai,2020-06-19,Kurla,construction,63.2,Construction/Dust,16.6,48.9,13.2,10.4,10.9
Mumbai,2020-06-19,Colaba,green_belt,45.0,Construction/Dust,18.8,29.1,13.8,17.7,20.6
Mumbai,2020-06-20,Andheri East,traffic_hub,74.4,Construction/Dust,27.0,36.6,13.9,9.7,12.8
Mumbai,2020-06-20,Chembur,industrial,79.3,Construction/Dust,14.4,34.7,29.6,9.2,12.1
Mumbai,2020-06-20,Bandra West,residential,48.2,Construction/Dust,17.6,38.0,13.5,12.6,18.3
Mumbai,2020-06-20,Powai,mixed,56.2,Construction/Dust,18.1,39.2,18.6,10.4,13.7
Mumbai,2020-06-20,Kurla,construction,64.7,Construction/Dust,13.6,55.8,12.5,7.8,10.3
Mumbai,2020-06-20,Colaba,green_belt,48.1,Construction/Dust,16.3,35.2,13.9,14.0,20.5
Mumbai,2020-06-21,Andheri East,traffic_hub,67.4,Construction/Dust,28.3,35.8,15.3,7.3,13.3
Mumbai,2020-06-21,Chembur,industrial,71.2,Construction/Dust,14.9,33.5,32.2,6.8,12.5
Mumbai,2020-06-21,Bandra West,residential,46.4,Construction/Dust,18.6,37.6,15.0,9.5,19.2
Mumbai,2020-06-21,Powai,mixed,53.2,Construction/Dust,19.0,38.4,20.5,7.8,14.3
Mumbai,2020-06-21,Kurla,construction,63.5,Construction/Dust,14.3,55.1,13.9,5.9,10.8
Mumbai,2020-06-21,Colaba,green_belt,42.8,Construction/Dust,17.3,34.9,15.5,10.6,21.7
Mumbai,2020-06-22,Andheri East,traffic_hub,58.2,Construction/Dust,30.4,34.8,11.0,10.9,12.8
Mumbai,2020-06-22,Chembur,industrial,66.5,Construction/Dust,17.0,34.7,24.7,10.8,12.7
Mumbai,2020-06-22,Bandra West,residential,42.6,Construction/Dust,19.9,36.5,10.9,14.3,18.4
Mumbai,2020-06-22,Powai,mixed,50.2,Construction/Dust,20.8,38.1,15.1,11.9,14.0
Mumbai,2020-06-22,Kurla,construction,56.0,Construction/Dust,15.7,54.6,10.2,9.0,10.6
Mumbai,2020-06-22,Colaba,green_belt,38.5,Construction/Dust,18.5,33.8,11.2,15.8,20.7
Mumbai,2020-06-23,Andheri East,traffic_hub,76.2,Traffic,36.4,35.8,6.3,7.6,13.9
Mumbai,2020-06-23,Chembur,industrial,76.8,Construction/Dust,22.3,38.9,15.3,8.3,15.1
Mumbai,2020-06-23,Bandra West,residential,48.7,Construction/Dust,24.5,38.4,6.3,10.3,20.5
Mumbai,2020-06-23,Powai,mixed,55.4,Construction/Dust,25.9,40.7,8.9,8.7,15.8
Mumbai,2020-06-23,Kurla,construction,64.1,Construction/Dust,19.1,57.0,5.9,6.4,11.6
Mumbai,2020-06-23,Colaba,green_belt,47.2,Construction/Dust,22.8,35.9,6.5,11.5,23.2
Mumbai,2020-06-24,Andheri East,traffic_hub,69.3,Construction/Dust,34.2,38.5,6.3,7.2,13.8
Mumbai,2020-06-24,Chembur,industrial,77.9,Construction/Dust,20.8,41.5,15.2,7.7,14.8
Mumbai,2020-06-24,Bandra West,residential,47.4,Construction/Dust,22.8,41.1,6.3,9.6,20.2
Mumbai,2020-06-24,Powai,mixed,52.3,Construction/Dust,24.1,43.4,8.8,8.1,15.5
Mumbai,2020-06-24,Kurla,construction,63.0,Construction/Dust,17.5,59.7,5.7,5.9,11.2
Mumbai,2020-06-24,Colaba,green_belt,40.5,Construction/Dust,21.4,38.5,6.5,10.8,22.9
Mumbai,2020-06-25,Andheri East,traffic_hub,72.2,Construction/Dust,30.9,39.8,6.5,10.5,12.3
Mumbai,2020-06-25,Chembur,industrial,79.0,Construction/Dust,18.3,42.0,15.4,11.1,13.1
Mumbai,2020-06-25,Bandra West,residential,47.5,Construction/Dust,20.2,41.7,6.4,13.8,17.8
Mumbai,2020-06-25,Powai,mixed,58.1,Construction/Dust,21.4,44.1,9.0,11.7,13.7
Mumbai,2020-06-25,Kurla,construction,61.7,Construction/Dust,15.4,60.4,5.8,8.4,9.9
Mumbai,2020-06-25,Colaba,green_belt,49.8,Construction/Dust,18.9,38.9,6.6,15.5,20.1
Mumbai,2020-06-26,Andheri East,traffic_hub,64.3,Construction/Dust,29.6,35.5,9.2,14.0,11.8
Mumbai,2020-06-26,Chembur,industrial,71.3,Construction/Dust,16.9,36.0,21.0,14.2,11.9
Mumbai,2020-06-26,Bandra West,residential,48.8,Construction/Dust,19.2,36.9,9.0,18.1,16.8
Mumbai,2020-06-26,Powai,mixed,56.7,Construction/Dust,20.3,38.9,12.6,15.3,12.9
Mumbai,2020-06-26,Kurla,construction,65.0,Construction/Dust,15.2,55.3,8.5,11.4,9.6
Mumbai,2020-06-26,Colaba,green_belt,44.4,Construction/Dust,17.8,34.1,9.2,20.1,18.8
Mumbai,2020-06-27,Andheri East,traffic_hub,76.7,Construction/Dust,28.7,30.0,13.2,16.4,11.8
Mumbai,2020-06-27,Chembur,industrial,81.7,Construction/Dust,15.5,28.9,28.5,15.8,11.3
Mumbai,2020-06-27,Bandra West,residential,51.4,Construction/Dust,18.5,30.9,12.7,21.1,16.7
Mumbai,2020-06-27,Powai,mixed,58.3,Construction/Dust,19.4,32.4,17.8,17.7,12.7
Mumbai,2020-06-27,Kurla,construction,74.5,Construction/Dust,15.2,48.3,12.6,13.9,10.0
Mumbai,2020-06-27,Colaba,green_belt,47.6,Construction/Dust,17.0,28.3,13.0,23.2,18.5
Mumbai,2020-06-28,Andheri East,traffic_hub,73.0,Construction/Dust,28.0,34.3,15.0,10.8,11.8
Mumbai,2020-06-28,Chembur,industrial,84.7,Construction/Dust,14.8,32.2,31.7,10.2,11.1
Mumbai,2020-06-28,Bandra West,residential,52.5,Construction/Dust,18.3,35.9,14.7,14.1,17.0
Mumbai,2020-06-28,Powai,mixed,58.7,Construction/Dust,18.8,36.8,20.1,11.6,12.7
Mumbai,2020-06-28,Kurla,construction,66.9,Construction/Dust,14.3,53.3,13.8,8.8,9.7
Mumbai,2020-06-28,Colaba,green_belt,48.7,Construction/Dust,16.9,33.2,15.1,15.7,19.1
Mumbai,2020-06-29,Andheri East,traffic_hub,65.8,Construction/Dust,28.5,35.1,17.6,6.7,12.0
Mumbai,2020-06-29,Chembur,industrial,70.7,Industrial,14.6,32.1,36.2,6.2,10.9
Mumbai,2020-06-29,Bandra West,residential,42.0,Construction/Dust,18.9,37.2,17.5,8.9,17.5
Mumbai,2020-06-29,Powai,mixed,52.0,Construction/Dust,19.0,37.5,23.5,7.2,12.8
Mumbai,2020-06-29,Kurla,construction,54.2,Construction/Dust,14.5,54.2,16.1,5.5,9.7
Mumbai,2020-06-29,Colaba,green_belt,37.1,Construction/Dust,17.6,34.7,18.1,10.0,19.7
Mumbai,2020-06-30,Andheri East,traffic_hub,62.0,Construction/Dust,28.5,29.0,23.6,6.4,12.5
Mumbai,2020-06-30,Chembur,industrial,72.0,Industrial,13.7,24.8,45.4,5.5,10.7
Mumbai,2020-06-30,Bandra West,residential,44.0,Construction/Dust,18.9,30.9,23.5,8.5,18.2
Mumbai,2020-06-30,Powai,mixed,55.8,Industrial,18.7,30.5,31.0,6.7,13.1
Mumbai,2020-06-30,Kurla,construction,62.5,Construction/Dust,15.0,46.6,22.4,5.4,10.5
Mumbai,2020-06-30,Colaba,green_belt,40.1,Construction/Dust,17.5,28.5,24.2,9.4,20.4
Mumbai,2020-07-01,Andheri East,traffic_hub,63.5,Construction/Dust,27.0,29.6,24.4,6.4,12.6
Mumbai,2020-07-01,Chembur,industrial,67.2,Industrial,12.8,25.0,46.2,5.4,10.6
Mumbai,2020-07-01,Bandra West,residential,42.4,Construction/Dust,17.8,31.3,24.2,8.5,18.2
Mumbai,2020-07-01,Powai,mixed,49.5,Industrial,17.6,30.9,31.8,6.7,13.1
Mumbai,2020-07-01,Kurla,construction,59.4,Construction/Dust,14.1,47.1,22.9,5.4,10.5
Mumbai,2020-07-01,Colaba,green_belt,37.8,Construction/Dust,16.5,28.9,24.8,9.4,20.4
